,dt,AverageTemperature
176252,1821-01-01,-3.565
176253,1821-02-01,-0.156
176254,1821-03-01,5.699
176255,1821-04-01,12.661
176256,1821-05-01,19.914
176257,1821-06-01,23.273
176258,1821-07-01,25.027
176259,1821-08-01,24.371
176260,1821-09-01,18.141
176261,1821-10-01,11.86
176262,1821-11-01,4.147
176263,1821-12-01,-3.297
176264,1822-01-01,-4.994
176265,1822-02-01,-0.414
176266,1822-03-01,8.148
176267,1822-04-01,13.397
176268,1822-05-01,19.311
176269,1822-06-01,24.089
176270,1822-07-01,26.285
176271,1822-08-01,24.257
176272,1822-09-01,18.856
176273,1822-10-01,11.412
176274,1822-11-01,2.704
176275,1822-12-01,-5.024
176276,1823-01-01,-5.724
176277,1823-02-01,-2.742
176278,1823-03-01,4.863
176279,1823-04-01,12.417
176280,1823-05-01,19.174
176281,1823-06-01,25.024
176282,1823-07-01,26.313
176283,1823-08-01,24.035
176284,1823-09-01,18.217
176285,1823-10-01,10.809
176286,1823-11-01,3.065
176287,1823-12-01,-3.915
176288,1824-01-01,-4.634
176289,1824-02-01,-1.671
176290,1824-03-01,5.348
176291,1824-04-01,13.384
176292,1824-05-01,20.036
176293,1824-06-01,24.51
176294,1824-07-01,26.718
176295,1824-08-01,24.457
176296,1824-09-01,19.528
176297,1824-10-01,11.846
176298,1824-11-01,4.417
176299,1824-12-01,-0.362
176300,1825-01-01,-3.564
176301,1825-02-01,-1.85
176302,1825-03-01,5.065
176303,1825-04-01,13.753
176304,1825-05-01,19.904
176305,1825-06-01,25.188
176306,1825-07-01,25.629
176307,1825-08-01,24.026
176308,1825-09-01,19.145
176309,1825-10-01,11.627
176310,1825-11-01,5.038
176311,1825-12-01,-3.143
176312,1826-01-01,-5.351
176313,1826-02-01,-3.54
176314,1826-03-01,4.774
176315,1826-04-01,13.197
176316,1826-05-01,20.627
176317,1826-06-01,24.633
176318,1826-07-01,26.522
176319,1826-08-01,24.022
176320,1826-09-01,19.164
176321,1826-10-01,12.135
176322,1826-11-01,4.825
176323,1826-12-01,-1.181
176324,1827-01-01,-3.4
176325,1827-02-01,-0.634
176326,1827-03-01,6.523
176327,1827-04-01,13.993
176328,1827-05-01,20.612
176329,1827-06-01,25.117
176330,1827-07-01,26.916
176331,1827-08-01,24.646
176332,1827-09-01,19.103
176333,1827-10-01,12.158
176334,1827-11-01,4.761
176335,1827-12-01,-3.348
176336,1828-01-01,-7.075
176337,1828-02-01,-3.104
176338,1828-03-01,5.658
176339,1828-04-01,13.089
176340,1828-05-01,19.577
176341,1828-06-01,24.923
176342,1828-07-01,26.813
176343,1828-08-01,24.658
176344,1828-09-01,18.34
176345,1828-10-01,12.374
176346,1828-11-01,4.368
176347,1828-12-01,-2.53
176348,1829-01-01,-5.044
176349,1829-02-01,-3.04
176350,1829-03-01,4.952
176351,1829-04-01,12.251
176352,1829-05-01,19.745
176353,1829-06-01,23.851
176354,1829-07-01,26.445
176355,1829-08-01,24.305
176356,1829-09-01,18.597
176357,1829-10-01,12.386
176358,1829-11-01,3.697
176359,1829-12-01,-3.047
176360,1830-01-01,-3.686
176361,1830-02-01,-0.214
176362,1830-03-01,4.271
176363,1830-04-01,13.25
176364,1830-05-01,18.866
176365,1830-06-01,23.955
176366,1830-07-01,27.292
176367,1830-08-01,24.087
176368,1830-09-01,18.591
176369,1830-10-01,11.126
176370,1830-11-01,5.77
176371,1830-12-01,-1.538
176372,1831-01-01,-5.328
176373,1831-02-01,-4.082
176374,1831-03-01,3.771
176375,1831-04-01,12.127
176376,1831-05-01,19.41
176377,1831-06-01,24.64
176378,1831-07-01,25.727
176379,1831-08-01,23.548
176380,1831-09-01,18.007
176381,1831-10-01,11.12
176382,1831-11-01,1.941
176383,1831-12-01,-3.984
176384,1832-01-01,-5.995
176385,1832-02-01,-2.87
176386,1832-03-01,4.621
176387,1832-04-01,13.052
176388,1832-05-01,19.191
176389,1832-06-01,24.077
176390,1832-07-01,25.775
176391,1832-08-01,23.318
176392,1832-09-01,18.271
176393,1832-10-01,10.744
176394,1832-11-01,3.217
176395,1832-12-01,-5.027
176396,1833-01-01,-5.444
176397,1833-02-01,-2.313
176398,1833-03-01,3.487
176399,1833-04-01,12.206
176400,1833-05-01,19.675
176401,1833-06-01,23.642
176402,1833-07-01,26.108
176403,1833-08-01,24.012
176404,1833-09-01,19.567
176405,1833-10-01,11.371
176406,1833-11-01,4.731
176407,1833-12-01,-3.307
176408,1834-01-01,-7.703
176409,1834-02-01,-2.355
176410,1834-03-01,6.256
176411,1834-04-01,12.599
176412,1834-05-01,20.093
176413,1834-06-01,23.98
176414,1834-07-01,26.315
176415,1834-08-01,24.253
176416,1834-09-01,20.16
176417,1834-10-01,11.935
176418,1834-11-01,5.03
176419,1834-12-01,-2.32
176420,1835-01-01,-4.111
176421,1835-02-01,-0.854
176422,1835-03-01,4.097
176423,1835-04-01,12.947
176424,1835-05-01,18.796
176425,1835-06-01,23.117
176426,1835-07-01,24.96
176427,1835-08-01,23.15
176428,1835-09-01,18.07
176429,1835-10-01,10.937
176430,1835-11-01,2.51
176431,1835-12-01,-4.108
176432,1836-01-01,-4.876
176433,1836-02-01,-2.409
176434,1836-03-01,5.492
176435,1836-04-01,12.275
176436,1836-05-01,19.091
176437,1836-06-01,23.659
176438,1836-07-01,25.841
176439,1836-08-01,24.242
176440,1836-09-01,18.861
176441,1836-10-01,12.625
176442,1836-11-01,1.763
176443,1836-12-01,-2.563
176444,1837-01-01,-5.207
176445,1837-02-01,-1.773
176446,1837-03-01,3.295
176447,1837-04-01,11.078
176448,1837-05-01,18.874
176449,1837-06-01,23.219
176450,1837-07-01,26.239
176451,1837-08-01,24.719
176452,1837-09-01,19.074
176453,1837-10-01,11.735
176454,1837-11-01,2.213
176455,1837-12-01,-2.359
176456,1838-01-01,0
176457,1838-02-01,0
176458,1838-03-01,0
176459,1838-04-01,0
176460,1838-05-01,0
176461,1838-06-01,0
176462,1838-07-01,0
176463,1838-08-01,0
176464,1838-09-01,0
176465,1838-10-01,0
176466,1838-11-01,0
176467,1838-12-01,0
176468,1839-01-01,-5.424
176469,1839-02-01,-2.206
176470,1839-03-01,2.614
176471,1839-04-01,12.064
176472,1839-05-01,18.756
176473,1839-06-01,23.871
176474,1839-07-01,25.833
176475,1839-08-01,24.891
176476,1839-09-01,19.725
176477,1839-10-01,10.686
176478,1839-11-01,2.22
176479,1839-12-01,-5.499
176480,1840-01-01,-5.04
176481,1840-02-01,-2.525
176482,1840-03-01,3.141
176483,1840-04-01,13.256
176484,1840-05-01,20.045
176485,1840-06-01,24.445
176486,1840-07-01,27.116
176487,1840-08-01,24.991
176488,1840-09-01,19.401
176489,1840-10-01,11.249
176490,1840-11-01,3.483
176491,1840-12-01,-4.025
176492,1841-01-01,-7.394
176493,1841-02-01,-3.198
176494,1841-03-01,1.925
176495,1841-04-01,12.077
176496,1841-05-01,19.116
176497,1841-06-01,22.074
176498,1841-07-01,25.544
176499,1841-08-01,23.655
176500,1841-09-01,18.65
176501,1841-10-01,11.252
176502,1841-11-01,2.916
176503,1841-12-01,-4.825
176504,1842-01-01,-5.041
176505,1842-02-01,-2.035
176506,1842-03-01,5.931
176507,1842-04-01,13.963
176508,1842-05-01,19.021
176509,1842-06-01,23.699
176510,1842-07-01,24.426
176511,1842-08-01,23.795
176512,1842-09-01,19.629
176513,1842-10-01,11.226
176514,1842-11-01,2.895
176515,1842-12-01,-1.784
176516,1843-01-01,-4.56
176517,1843-02-01,0.303
176518,1843-03-01,4.944
176519,1843-04-01,13.839
176520,1843-05-01,18.388
176521,1843-06-01,22.601
176522,1843-07-01,25.366
176523,1843-08-01,24.635
176524,1843-09-01,19.721
176525,1843-10-01,10.671
176526,1843-11-01,3.115
176527,1843-12-01,-1.59
176528,1844-01-01,-4.238
176529,1844-02-01,-0.734
176530,1844-03-01,5.964
176531,1844-04-01,12.193
176532,1844-05-01,18.386
176533,1844-06-01,23.1
176534,1844-07-01,25.068
176535,1844-08-01,25.05
176536,1844-09-01,19.308
176537,1844-10-01,13.062
176538,1844-11-01,5.576
176539,1844-12-01,-3.917
176540,1845-01-01,-3.586
176541,1845-02-01,-1.688
176542,1845-03-01,5.495
176543,1845-04-01,12.897
176544,1845-05-01,20.591
176545,1845-06-01,25.664
176546,1845-07-01,25.85
176547,1845-08-01,23.821
176548,1845-09-01,19.485
176549,1845-10-01,11.707
176550,1845-11-01,3.75
176551,1845-12-01,-6.81
176552,1846-01-01,-4.816
176553,1846-02-01,0.184
176554,1846-03-01,5.371
176555,1846-04-01,12.234
176556,1846-05-01,17.774
176557,1846-06-01,24.81
176558,1846-07-01,27.006
176559,1846-08-01,25.505
176560,1846-09-01,20.87
176561,1846-10-01,12.436
176562,1846-11-01,2.965
176563,1846-12-01,-0.99
176564,1847-01-01,-3.548
176565,1847-02-01,-1.616
176566,1847-03-01,4.37
176567,1847-04-01,14.339
176568,1847-05-01,19.431
176569,1847-06-01,23.335
176570,1847-07-01,26.901
176571,1847-08-01,24.395
176572,1847-09-01,19.707
176573,1847-10-01,12.118
176574,1847-11-01,6.271
176575,1847-12-01,-3.165
176576,1848-01-01,-6.941
176577,1848-02-01,-0.788
176578,1848-03-01,5.451
176579,1848-04-01,12.629
176580,1848-05-01,20.098
176581,1848-06-01,23.768
176582,1848-07-01,26.55
176583,1848-08-01,23.855
176584,1848-09-01,19.561
176585,1848-10-01,12.007
176586,1848-11-01,3.537
176587,1848-12-01,-1.048
176588,1849-01-01,-3.17
176589,1849-02-01,0.867
176590,1849-03-01,6.034
176591,1849-04-01,11.173
176592,1849-05-01,18.261
176593,1849-06-01,24.001
176594,1849-07-01,24.915
176595,1849-08-01,25.274
176596,1849-09-01,19.97
176597,1849-10-01,11.141
176598,1849-11-01,3.584
176599,1849-12-01,-3.679
176600,1850-01-01,-5.339
176601,1850-02-01,-1.725
176602,1850-03-01,5.783
176603,1850-04-01,9.876
176604,1850-05-01,19.5
176605,1850-06-01,23.058
176606,1850-07-01,25.654
176607,1850-08-01,23.5
176608,1850-09-01,19.489
176609,1850-10-01,11.849
176610,1850-11-01,0.596
176611,1850-12-01,-4.051
176612,1851-01-01,-4.364
176613,1851-02-01,-1.849
176614,1851-03-01,1.924
176615,1851-04-01,10.49
176616,1851-05-01,18.163
176617,1851-06-01,25.367
176618,1851-07-01,26.053
176619,1851-08-01,23.809
176620,1851-09-01,18.425
176621,1851-10-01,10.644
176622,1851-11-01,1.605
176623,1851-12-01,-5.043
176624,1852-01-01,-6.148
176625,1852-02-01,-5.507
176626,1852-03-01,2.048
176627,1852-04-01,11.521
176628,1852-05-01,19.051
176629,1852-06-01,24.739
176630,1852-07-01,26.861
176631,1852-08-01,23.926
176632,1852-09-01,18.861
176633,1852-10-01,13.162
176634,1852-11-01,2.297
176635,1852-12-01,-2.952
176636,1853-01-01,-6.152
176637,1853-02-01,-4.067
176638,1853-03-01,3.694
176639,1853-04-01,10.894
176640,1853-05-01,18.807
176641,1853-06-01,24.569
176642,1853-07-01,27.821
176643,1853-08-01,25.043
176644,1853-09-01,20.877
176645,1853-10-01,10.562
176646,1853-11-01,3.503
176647,1853-12-01,-4.189
176648,1854-01-01,-5.137
176649,1854-02-01,-6.121
176650,1854-03-01,5.174
176651,1854-04-01,13.184
176652,1854-05-01,20.806
176653,1854-06-01,24.564
176654,1854-07-01,27.646
176655,1854-08-01,24.895
176656,1854-09-01,20.037
176657,1854-10-01,12.626
176658,1854-11-01,4.432
176659,1854-12-01,-2.955
176660,1855-01-01,-5.549
176661,1855-02-01,-1.58
176662,1855-03-01,5.17
176663,1855-04-01,15.259
176664,1855-05-01,19.833
176665,1855-06-01,24.461
176666,1855-07-01,26.646
176667,1855-08-01,24.461
176668,1855-09-01,19.767
176669,1855-10-01,12.184
176670,1855-11-01,3.07
176671,1855-12-01,-1.891
176672,1856-01-01,-5.906
176673,1856-02-01,-5.196
176674,1856-03-01,5.726
176675,1856-04-01,13.325
176676,1856-05-01,19.238
176677,1856-06-01,24.911
176678,1856-07-01,27.05
176679,1856-08-01,24.697
176680,1856-09-01,19.117
176681,1856-10-01,11.791
176682,1856-11-01,4.309
176683,1856-12-01,-2.04
176684,1857-01-01,-6.403
176685,1857-02-01,-1.502
176686,1857-03-01,5.352
176687,1857-04-01,13.482
176688,1857-05-01,18.274
176689,1857-06-01,23.547
176690,1857-07-01,26.036
176691,1857-08-01,24.39
176692,1857-09-01,19.393
176693,1857-10-01,12.541
176694,1857-11-01,3.033
176695,1857-12-01,-2.603
176696,1858-01-01,-3.694
176697,1858-02-01,-0.595
176698,1858-03-01,5.122
176699,1858-04-01,13.503
176700,1858-05-01,19.159
176701,1858-06-01,23.526
176702,1858-07-01,26.264
176703,1858-08-01,24.436
176704,1858-09-01,19.975
176705,1858-10-01,12.413
176706,1858-11-01,3.849
176707,1858-12-01,-4.097
176708,1859-01-01,-4.612
176709,1859-02-01,-2.755
176710,1859-03-01,5.438
176711,1859-04-01,14.825
176712,1859-05-01,20.804
176713,1859-06-01,24.201
176714,1859-07-01,25.915
176715,1859-08-01,24.61
176716,1859-09-01,19.494
176717,1859-10-01,12.242
176718,1859-11-01,4.068
176719,1859-12-01,-2.672
176720,1860-01-01,-6.281
176721,1860-02-01,-2.299
176722,1860-03-01,1.021
176723,1860-04-01,12.589
176724,1860-05-01,17.252
176725,1860-06-01,23.618
176726,1860-07-01,24.583
176727,1860-08-01,24.677
176728,1860-09-01,21.592
176729,1860-10-01,10.876
176730,1860-11-01,1.215
176731,1860-12-01,-4.085
176732,1861-01-01,-8.579
176733,1861-02-01,-4.514
176734,1861-03-01,4.827
176735,1861-04-01,14.411
176736,1861-05-01,18.076
176737,1861-06-01,24.616
176738,1861-07-01,26.596
176739,1861-08-01,24.457
176740,1861-09-01,18.366
176741,1861-10-01,12.358
176742,1861-11-01,4.194
176743,1861-12-01,-5.048
176744,1862-01-01,-7.429
176745,1862-02-01,-2.972
176746,1862-03-01,3.748
176747,1862-04-01,11.688
176748,1862-05-01,19.984
176749,1862-06-01,24.681
176750,1862-07-01,25.763
176751,1862-08-01,25.095
176752,1862-09-01,19.002
176753,1862-10-01,12.051
176754,1862-11-01,1.468
176755,1862-12-01,-5.638
176756,1863-01-01,-2.903
176757,1863-02-01,0.423
176758,1863-03-01,5.55
176759,1863-04-01,12.246
176760,1863-05-01,18.804
176761,1863-06-01,24.749
176762,1863-07-01,27.116
176763,1863-08-01,24.786
176764,1863-09-01,19.196
176765,1863-10-01,11.278
176766,1863-11-01,2.739
176767,1863-12-01,-2.279
176768,1864-01-01,-4.964
176769,1864-02-01,-1.38
176770,1864-03-01,4.336
176771,1864-04-01,12.609
176772,1864-05-01,18.836
176773,1864-06-01,23.072
176774,1864-07-01,26.261
176775,1864-08-01,23.633
176776,1864-09-01,18.7
176777,1864-10-01,12.21
176778,1864-11-01,4.236
176779,1864-12-01,-5.879
176780,1865-01-01,-4.104
176781,1865-02-01,-3.602
176782,1865-03-01,3.754
176783,1865-04-01,13.356
176784,1865-05-01,20.138
176785,1865-06-01,24.213
176786,1865-07-01,26.429
176787,1865-08-01,24.953
176788,1865-09-01,20.593
176789,1865-10-01,12.544
176790,1865-11-01,2.125
176791,1865-12-01,-4.841
176792,1866-01-01,-5.026
176793,1866-02-01,-2.269
176794,1866-03-01,3.35
176795,1866-04-01,12.786
176796,1866-05-01,18.773
176797,1866-06-01,23.919
176798,1866-07-01,26.785
176799,1866-08-01,25.038
176800,1866-09-01,19.111
176801,1866-10-01,12.917
176802,1866-11-01,4.496
176803,1866-12-01,-1.105
176804,1867-01-01,-4.847
176805,1867-02-01,-2.972
176806,1867-03-01,5.084
176807,1867-04-01,13.858
176808,1867-05-01,19.409
176809,1867-06-01,23.678
176810,1867-07-01,27.032
176811,1867-08-01,24.396
176812,1867-09-01,19.219
176813,1867-10-01,13.191
176814,1867-11-01,6.063
176815,1867-12-01,-0.031
176816,1868-01-01,-4.143
176817,1868-02-01,-1.512
176818,1868-03-01,4.119
176819,1868-04-01,13.841
176820,1868-05-01,18.418
176821,1868-06-01,23.641
176822,1868-07-01,27.074
176823,1868-08-01,24.469
176824,1868-09-01,19.639
176825,1868-10-01,13.646
176826,1868-11-01,3.295
176827,1868-12-01,-2.519
176828,1869-01-01,-3.842
176829,1869-02-01,0.338
176830,1869-03-01,4.62
176831,1869-04-01,12.091
176832,1869-05-01,20.795
176833,1869-06-01,24.233
176834,1869-07-01,26.673
176835,1869-08-01,25.46
176836,1869-09-01,20.566
176837,1869-10-01,14.407
176838,1869-11-01,3.982
176839,1869-12-01,-3.835
176840,1870-01-01,-6.013
176841,1870-02-01,-2.689
176842,1870-03-01,4.744
176843,1870-04-01,12.483
176844,1870-05-01,20.39
176845,1870-06-01,23.831
176846,1870-07-01,26.12
176847,1870-08-01,24.898
176848,1870-09-01,21.039
176849,1870-10-01,13.224
176850,1870-11-01,3.082
176851,1870-12-01,-4.083
176852,1871-01-01,-5.884
176853,1871-02-01,-2.889
176854,1871-03-01,6.179
176855,1871-04-01,13.045
176856,1871-05-01,19.517
176857,1871-06-01,24.408
176858,1871-07-01,26.373
176859,1871-08-01,24.975
176860,1871-09-01,19.833
176861,1871-10-01,13.985
176862,1871-11-01,3.195
176863,1871-12-01,-4.184
176864,1872-01-01,-7.169
176865,1872-02-01,-2.83
176866,1872-03-01,4.058
176867,1872-04-01,12.646
176868,1872-05-01,19.749
176869,1872-06-01,23.767
176870,1872-07-01,26.678
176871,1872-08-01,24.553
176872,1872-09-01,20.287
176873,1872-10-01,12.846
176874,1872-11-01,3.826
176875,1872-12-01,-1.783
176876,1873-01-01,-6.514
176877,1873-02-01,-1.16
176878,1873-03-01,3.885
176879,1873-04-01,14.603
176880,1873-05-01,19.965
176881,1873-06-01,24.434
176882,1873-07-01,25.948
176883,1873-08-01,23.806
176884,1873-09-01,20.235
176885,1873-10-01,12.746
176886,1873-11-01,4.698
176887,1873-12-01,-1.564
176888,1874-01-01,-5.582
176889,1874-02-01,-0.64
176890,1874-03-01,4.43
176891,1874-04-01,15.053
176892,1874-05-01,18.287
176893,1874-06-01,24.499
176894,1874-07-01,25.407
176895,1874-08-01,25.343
176896,1874-09-01,20.908
176897,1874-10-01,12.801
176898,1874-11-01,3.686
176899,1874-12-01,-2.381
176900,1875-01-01,-5.095
176901,1875-02-01,0.741
176902,1875-03-01,6.26
176903,1875-04-01,11.502
176904,1875-05-01,20.56
176905,1875-06-01,24.681
176906,1875-07-01,25.463
176907,1875-08-01,26.457
176908,1875-09-01,19.322
176909,1875-10-01,12.115
176910,1875-11-01,3.03
176911,1875-12-01,-3.694
176912,1876-01-01,-5.988
176913,1876-02-01,-1.352
176914,1876-03-01,5.132
176915,1876-04-01,15.7
176916,1876-05-01,21.272
176917,1876-06-01,25.42
176918,1876-07-01,27.466
176919,1876-08-01,26.146
176920,1876-09-01,18.965
176921,1876-10-01,14.494
176922,1876-11-01,3.703
176923,1876-12-01,-3.579
176924,1877-01-01,-6.496
176925,1877-02-01,-3.694
176926,1877-03-01,5.394
176927,1877-04-01,14.157
176928,1877-05-01,18.334
176929,1877-06-01,24.632
176930,1877-07-01,27.448
176931,1877-08-01,24.719
176932,1877-09-01,20.68
176933,1877-10-01,11.874
176934,1877-11-01,2.885
176935,1877-12-01,-4.692
176936,1878-01-01,-7.569
176937,1878-02-01,-2.136
176938,1878-03-01,7.805
176939,1878-04-01,13.76
176940,1878-05-01,19.046
176941,1878-06-01,23.993
176942,1878-07-01,27.016
176943,1878-08-01,24.727
176944,1878-09-01,20.904
176945,1878-10-01,11.945
176946,1878-11-01,2.354
176947,1878-12-01,-5.273
176948,1879-01-01,-5.732
176949,1879-02-01,-2.003
176950,1879-03-01,3.335
176951,1879-04-01,10.845
176952,1879-05-01,19.246
176953,1879-06-01,25.383
176954,1879-07-01,26.492
176955,1879-08-01,25.674
176956,1879-09-01,20.251
176957,1879-10-01,11.677
176958,1879-11-01,5.301
176959,1879-12-01,-2.064
176960,1880-01-01,-7.138
176961,1880-02-01,-2.89
176962,1880-03-01,5.726
176963,1880-04-01,12.719
176964,1880-05-01,20.357
176965,1880-06-01,23.283
176966,1880-07-01,24.755
176967,1880-08-01,25.252
176968,1880-09-01,19.652
176969,1880-10-01,12.93
176970,1880-11-01,3.319
176971,1880-12-01,-4.268
176972,1881-01-01,-5.421
176973,1881-02-01,-3.833
176974,1881-03-01,3.459
176975,1881-04-01,12.353
176976,1881-05-01,19.822
176977,1881-06-01,23.449
176978,1881-07-01,27.25
176979,1881-08-01,25.035
176980,1881-09-01,20.356
176981,1881-10-01,12.978
176982,1881-11-01,4.414
176983,1881-12-01,-3.547
176984,1882-01-01,-3.496
176985,1882-02-01,-1.579
176986,1882-03-01,5.19
176987,1882-04-01,14.688
176988,1882-05-01,20.318
176989,1882-06-01,24.675
176990,1882-07-01,26.328
176991,1882-08-01,24.575
176992,1882-09-01,19.904
176993,1882-10-01,13.571
176994,1882-11-01,3.382
176995,1882-12-01,-5.478
176996,1883-01-01,-5.563
176997,1883-02-01,-2.498
176998,1883-03-01,4.404
176999,1883-04-01,12.169
177000,1883-05-01,18.541
177001,1883-06-01,25.287
177002,1883-07-01,25.457
177003,1883-08-01,25.092
177004,1883-09-01,18.313
177005,1883-10-01,13.695
177006,1883-11-01,2.291
177007,1883-12-01,-2.239
177008,1884-01-01,-4.38
177009,1884-02-01,-2.706
177010,1884-03-01,3.204
177011,1884-04-01,12.458
177012,1884-05-01,19.227
177013,1884-06-01,24.522
177014,1884-07-01,25.041
177015,1884-08-01,23.32
177016,1884-09-01,20.088
177017,1884-10-01,11.369
177018,1884-11-01,2.732
177019,1884-12-01,-4.986
177020,1885-01-01,-5.578
177021,1885-02-01,-3.765
177022,1885-03-01,4.316
177023,1885-04-01,11.337
177024,1885-05-01,19.597
177025,1885-06-01,23.487
177026,1885-07-01,25.498
177027,1885-08-01,25.175
177028,1885-09-01,19.835
177029,1885-10-01,12.972
177030,1885-11-01,1.901
177031,1885-12-01,-1.917
177032,1886-01-01,-6.354
177033,1886-02-01,-4.295
177034,1886-03-01,4.482
177035,1886-04-01,13.926
177036,1886-05-01,20.533
177037,1886-06-01,23.888
177038,1886-07-01,26.103
177039,1886-08-01,24.927
177040,1886-09-01,19.692
177041,1886-10-01,12.634
177042,1886-11-01,3.423
177043,1886-12-01,-2.088
177044,1887-01-01,-7.742
177045,1887-02-01,-2.416
177046,1887-03-01,3.94
177047,1887-04-01,13.114
177048,1887-05-01,19.787
177049,1887-06-01,22.674
177050,1887-07-01,27.148
177051,1887-08-01,25.357
177052,1887-09-01,20.126
177053,1887-10-01,12.786
177054,1887-11-01,4.579
177055,1887-12-01,-3.35
177056,1888-01-01,-5.476
177057,1888-02-01,-5.495
177058,1888-03-01,4.502
177059,1888-04-01,11.802
177060,1888-05-01,19.661
177061,1888-06-01,23.683
177062,1888-07-01,26.159
177063,1888-08-01,25.708
177064,1888-09-01,19.235
177065,1888-10-01,11.52
177066,1888-11-01,3.86
177067,1888-12-01,-1.59
177068,1889-01-01,-8.36
177069,1889-02-01,-2.51
177070,1889-03-01,4.781
177071,1889-04-01,12.18
177072,1889-05-01,19.598
177073,1889-06-01,25.102
177074,1889-07-01,25.65
177075,1889-08-01,25.065
177076,1889-09-01,18.868
177077,1889-10-01,12.057
177078,1889-11-01,2.897
177079,1889-12-01,-2.249
177080,1890-01-01,-5.664
177081,1890-02-01,-0.365
177082,1890-03-01,3.842
177083,1890-04-01,12.405
177084,1890-05-01,21.243
177085,1890-06-01,24.312
177086,1890-07-01,26.833
177087,1890-08-01,24.927
177088,1890-09-01,19.307
177089,1890-10-01,12.774
177090,1890-11-01,5.725
177091,1890-12-01,-1.566
177092,1891-01-01,-5.293
177093,1891-02-01,-0.201
177094,1891-03-01,6.618
177095,1891-04-01,12.339
177096,1891-05-01,20.978
177097,1891-06-01,23.585
177098,1891-07-01,25.745
177099,1891-08-01,25.069
177100,1891-09-01,20.258
177101,1891-10-01,14.377
177102,1891-11-01,3.134
177103,1891-12-01,-2.582
177104,1892-01-01,-5.467
177105,1892-02-01,-2.565
177106,1892-03-01,2.04
177107,1892-04-01,14.247
177108,1892-05-01,19.632
177109,1892-06-01,25.705
177110,1892-07-01,25.78
177111,1892-08-01,24.479
177112,1892-09-01,18.999
177113,1892-10-01,11.8
177114,1892-11-01,3.105
177115,1892-12-01,-3.274
177116,1893-01-01,-7.875
177117,1893-02-01,-3.666
177118,1893-03-01,5.514
177119,1893-04-01,14.232
177120,1893-05-01,18.113
177121,1893-06-01,23.53
177122,1893-07-01,26.337
177123,1893-08-01,24.792
177124,1893-09-01,19.489
177125,1893-10-01,11.566
177126,1893-11-01,2.987
177127,1893-12-01,-3.465
177128,1894-01-01,-5.457
177129,1894-02-01,-1.155
177130,1894-03-01,6.465
177131,1894-04-01,14.708
177132,1894-05-01,20.223
177133,1894-06-01,24.613
177134,1894-07-01,26.342
177135,1894-08-01,25.068
177136,1894-09-01,20.645
177137,1894-10-01,13.443
177138,1894-11-01,4.092
177139,1894-12-01,-3.37
177140,1895-01-01,-7.01
177141,1895-02-01,-4.671
177142,1895-03-01,2.042
177143,1895-04-01,14.623
177144,1895-05-01,18.726
177145,1895-06-01,23.286
177146,1895-07-01,25.175
177147,1895-08-01,24.326
177148,1895-09-01,19.836
177149,1895-10-01,13.26
177150,1895-11-01,3.902
177151,1895-12-01,-3.153
177152,1896-01-01,-4.519
177153,1896-02-01,-2.634
177154,1896-03-01,2.771
177155,1896-04-01,12.307
177156,1896-05-01,19.475
177157,1896-06-01,24.672
177158,1896-07-01,25.304
177159,1896-08-01,24.905
177160,1896-09-01,19.666
177161,1896-10-01,11.636
177162,1896-11-01,5.926
177163,1896-12-01,-3.382
177164,1897-01-01,-6.204
177165,1897-02-01,-4.069
177166,1897-03-01,2.961
177167,1897-04-01,12.822
177168,1897-05-01,19.716
177169,1897-06-01,24.873
177170,1897-07-01,26.819
177171,1897-08-01,26.138
177172,1897-09-01,20.771
177173,1897-10-01,13.941
177174,1897-11-01,4.798
177175,1897-12-01,-6.147
177176,1898-01-01,-2.749
177177,1898-02-01,0.403
177178,1898-03-01,2.032
177179,1898-04-01,13.724
177180,1898-05-01,21.5
177181,1898-06-01,25.639
177182,1898-07-01,26.875
177183,1898-08-01,25.307
177184,1898-09-01,19.822
177185,1898-10-01,13.659
177186,1898-11-01,5.396
177187,1898-12-01,-1.749
177188,1899-01-01,-3.967
177189,1899-02-01,0.266
177190,1899-03-01,6.443
177191,1899-04-01,14.255
177192,1899-05-01,20.926
177193,1899-06-01,25.731
177194,1899-07-01,26.771
177195,1899-08-01,25.289
177196,1899-09-01,20.855
177197,1899-10-01,12.417
177198,1899-11-01,4.419
177199,1899-12-01,-3.606
177200,1900/1/1,-7.458
177201,1900/2/1,-0.502
177202,1900/3/1,5.392
177203,1900/4/1,13.684
177204,1900/5/1,19.141
177205,1900/6/1,24.279
177206,1900/7/1,27.469
177207,1900/8/1,26.451
177208,1900/9/1,20.781
177209,1900/10/1,13.408
177210,1900/11/1,5.297
177211,1900/12/1,-3.831
177212,1901/1/1,-5.491
177213,1901/2/1,-2.713
177214,1901/3/1,6.357
177215,1901/4/1,14.636
177216,1901/5/1,20.428
177217,1901/6/1,24.841
177218,1901/7/1,25.544
177219,1901/8/1,24.651
177220,1901/9/1,21.945
177221,1901/10/1,11.776
177222,1901/11/1,4.433
177223,1901/12/1,-5.84
177224,1902/1/1,-3.329
177225,1902/2/1,-0.175
177226,1902/3/1,6.57
177227,1902/4/1,13.188
177228,1902/5/1,19.071
177229,1902/6/1,24.987
177230,1902/7/1,26.564
177231,1902/8/1,24.07
177232,1902/9/1,20.425
177233,1902/10/1,15.73
177234,1902/11/1,6.509
177235,1902/12/1,-1.666
177236,1903/1/1,-3.689
177237,1903/2/1,-0.61
177238,1903/3/1,5.302
177239,1903/4/1,14.668
177240,1903/5/1,20.514
177241,1903/6/1,24.221
177242,1903/7/1,27.221
177243,1903/8/1,25.7
177244,1903/9/1,19.97
177245,1903/10/1,11.613
177246,1903/11/1,3.167
177247,1903/12/1,-2.617
177248,1904/1/1,-5.803
177249,1904/2/1,-0.68
177250,1904/3/1,4.904
177251,1904/4/1,12.077
177252,1904/5/1,19.249
177253,1904/6/1,26.306
177254,1904/7/1,26.121
177255,1904/8/1,25.775
177256,1904/9/1,19.607
177257,1904/10/1,11.986
177258,1904/11/1,3.981
177259,1904/12/1,-3.244
177260,1905/1/1,-1.792
177261,1905/2/1,-3.703
177262,1905/3/1,3.441
177263,1905/4/1,10.329
177264,1905/5/1,19.03
177265,1905/6/1,23.911
177266,1905/7/1,25.866
177267,1905/8/1,24.839
177268,1905/9/1,19.942
177269,1905/10/1,11.657
177270,1905/11/1,3.321
177271,1905/12/1,-1.832
177272,1906/1/1,-5.442
177273,1906/2/1,-4.292
177274,1906/3/1,5.429
177275,1906/4/1,13.82
177276,1906/5/1,19.825
177277,1906/6/1,25.241
177278,1906/7/1,26.128
177279,1906/8/1,24.19
177280,1906/9/1,19.256
177281,1906/10/1,12.373
177282,1906/11/1,1.179
177283,1906/12/1,-1.864
177284,1907/1/1,-2.206
177285,1907/2/1,-4.419
177286,1907/3/1,4.006
177287,1907/4/1,13.545
177288,1907/5/1,20.441
177289,1907/6/1,24.67
177290,1907/7/1,25.194
177291,1907/8/1,25.273
177292,1907/9/1,20.245
177293,1907/10/1,13.699
177294,1907/11/1,2.066
177295,1907/12/1,-3.307
177296,1908/1/1,-6.509
177297,1908/2/1,-3.728
177298,1908/3/1,3.293
177299,1908/4/1,12.08
177300,1908/5/1,19.769
177301,1908/6/1,24.733
177302,1908/7/1,25.316
177303,1908/8/1,25.378
177304,1908/9/1,19.143
177305,1908/10/1,13.316
177306,1908/11/1,3.7
177307,1908/12/1,-0.701
177308,1909/1/1,-5.091
177309,1909/2/1,-1.475
177310,1909/3/1,2.008
177311,1909/4/1,11.807
177312,1909/5/1,19.387
177313,1909/6/1,22.833
177314,1909/7/1,25.581
177315,1909/8/1,25.042
177316,1909/9/1,19.951
177317,1909/10/1,12.125
177318,1909/11/1,5.345
177319,1909/12/1,-3.752
177320,1910/1/1,-5.888
177321,1910/2/1,-1.825
177322,1910/3/1,3.486
177323,1910/4/1,12.479
177324,1910/5/1,20.352
177325,1910/6/1,23.445
177326,1910/7/1,26.528
177327,1910/8/1,24.833
177328,1910/9/1,18.67
177329,1910/10/1,13.215
177330,1910/11/1,2.821
177331,1910/12/1,-5.19
177332,1911/1/1,-5.33
177333,1911/2/1,-2.818
177334,1911/3/1,3.348
177335,1911/4/1,11.842
177336,1911/5/1,19.182
177337,1911/6/1,23.535
177338,1911/7/1,24.761
177339,1911/8/1,24.399
177340,1911/9/1,20.441
177341,1911/10/1,12.205
177342,1911/11/1,3.907
177343,1911/12/1,-4.342
177344,1912/1/1,-4.598
177345,1912/2/1,0.782
177346,1912/3/1,4.06
177347,1912/4/1,13.311
177348,1912/5/1,19.131
177349,1912/6/1,24.247
177350,1912/7/1,25.806
177351,1912/8/1,25.14
177352,1912/9/1,18.114
177353,1912/10/1,10.148
177354,1912/11/1,0.882
177355,1912/12/1,-5.564
177356,1913/1/1,-5.773
177357,1913/2/1,-2.28
177358,1913/3/1,4.037
177359,1913/4/1,12.883
177360,1913/5/1,19.723
177361,1913/6/1,23.121
177362,1913/7/1,25.376
177363,1913/8/1,24.821
177364,1913/9/1,20.298
177365,1913/10/1,12.376
177366,1913/11/1,4.598
177367,1913/12/1,-3.649
177368,1914/1/1,-2.538
177369,1914/2/1,-0.375
177370,1914/3/1,5.307
177371,1914/4/1,13.148
177372,1914/5/1,20.761
177373,1914/6/1,24.806
177374,1914/7/1,25.729
177375,1914/8/1,24.826
177376,1914/9/1,19.943
177377,1914/10/1,13.788
177378,1914/11/1,2.834
177379,1914/12/1,-3.374
177380,1915/1/1,-7.386
177381,1915/2/1,-3.956
177382,1915/3/1,3.095
177383,1915/4/1,11.276
177384,1915/5/1,18.795
177385,1915/6/1,23.233
177386,1915/7/1,25.818
177387,1915/8/1,25.026
177388,1915/9/1,18.847
177389,1915/10/1,12.77
177390,1915/11/1,5.225
177391,1915/12/1,-0.944
177392,1916/1/1,-4.051
177393,1916/2/1,-1.724
177394,1916/3/1,2.722
177395,1916/4/1,11.35
177396,1916/5/1,19.748
177397,1916/6/1,23.805
177398,1916/7/1,26.519
177399,1916/8/1,24.804
177400,1916/9/1,19.246
177401,1916/10/1,12.001
177402,1916/11/1,4.371
177403,1916/12/1,-5.241
177404,1917/1/1,-7.565
177405,1917/2/1,-2.731
177406,1917/3/1,4.437
177407,1917/4/1,13.258
177408,1917/5/1,18.664
177409,1917/6/1,25.352
177410,1917/7/1,26.429
177411,1917/8/1,25.411
177412,1917/9/1,18.982
177413,1917/10/1,12.291
177414,1917/11/1,3.295
177415,1917/12/1,-6.177
177416,1918/1/1,-4.723
177417,1918/2/1,-0.972
177418,1918/3/1,5.639
177419,1918/4/1,12.87
177420,1918/5/1,17.895
177421,1918/6/1,23.649
177422,1918/7/1,25.939
177423,1918/8/1,24.579
177424,1918/9/1,19.523
177425,1918/10/1,12.6
177426,1918/11/1,2.484
177427,1918/12/1,-4.977
177428,1919/1/1,-7.439
177429,1919/2/1,-0.43
177430,1919/3/1,6.299
177431,1919/4/1,13.663
177432,1919/5/1,19.899
177433,1919/6/1,24.533
177434,1919/7/1,26.634
177435,1919/8/1,26.76
177436,1919/9/1,20.275
177437,1919/10/1,12.541
177438,1919/11/1,3.938
177439,1919/12/1,-3.737
177440,1920/1/1,-4.007
177441,1920/2/1,-4.027
177442,1920/3/1,5.177
177443,1920/4/1,14.072
177444,1920/5/1,21.218
177445,1920/6/1,24.139
177446,1920/7/1,27.546
177447,1920/8/1,25.99
177448,1920/9/1,19.998
177449,1920/10/1,14.692
177450,1920/11/1,4.912
177451,1920/12/1,-2.396
177452,1921/1/1,-4.259
177453,1921/2/1,-1.4
177454,1921/3/1,4.916
177455,1921/4/1,13.193
177456,1921/5/1,19.517
177457,1921/6/1,23.527
177458,1921/7/1,26.649
177459,1921/8/1,25.109
177460,1921/9/1,19.824
177461,1921/10/1,13.471
177462,1921/11/1,4.168
177463,1921/12/1,-2.481
177464,1922/1/1,-7.931
177465,1922/2/1,-0.493
177466,1922/3/1,4.935
177467,1922/4/1,14.847
177468,1922/5/1,18.77
177469,1922/6/1,25.664
177470,1922/7/1,27.222
177471,1922/8/1,25.703
177472,1922/9/1,19.67
177473,1922/10/1,13.512
177474,1922/11/1,2.136
177475,1922/12/1,-2.709
177476,1923/1/1,-5.739
177477,1923/2/1,-3.027
177478,1923/3/1,5.852
177479,1923/4/1,12.373
177480,1923/5/1,20.003
177481,1923/6/1,24.706
177482,1923/7/1,26.54
177483,1923/8/1,25.456
177484,1923/9/1,19.779
177485,1923/10/1,11.349
177486,1923/11/1,3.072
177487,1923/12/1,-2.602
177488,1924/1/1,-3.33
177489,1924/2/1,-2.616
177490,1924/3/1,3.403
177491,1924/4/1,13.016
177492,1924/5/1,21.168
177493,1924/6/1,25.094
177494,1924/7/1,25.286
177495,1924/8/1,25.849
177496,1924/9/1,20.824
177497,1924/10/1,11.547
177498,1924/11/1,3.623
177499,1924/12/1,-3.031
177500,1925/1/1,-4.8
177501,1925/2/1,-2.483
177502,1925/3/1,3.955
177503,1925/4/1,13.155
177504,1925/5/1,18.835
177505,1925/6/1,23.071
177506,1925/7/1,25.864
177507,1925/8/1,24.384
177508,1925/9/1,20.542
177509,1925/10/1,14.005
177510,1925/11/1,6.191
177511,1925/12/1,-3.118
177512,1926/1/1,-3.973
177513,1926/2/1,-1.192
177514,1926/3/1,6.17
177515,1926/4/1,13.264
177516,1926/5/1,20.006
177517,1926/6/1,24.802
177518,1926/7/1,26.532
177519,1926/8/1,26.03
177520,1926/9/1,19.972
177521,1926/10/1,12.016
177522,1926/11/1,5.008
177523,1926/12/1,-5.273
177524,1927/1/1,-5.741
177525,1927/2/1,-2.67
177526,1927/3/1,4.082
177527,1927/4/1,13.615
177528,1927/5/1,19.015
177529,1927/6/1,25.029
177530,1927/7/1,27.529
177531,1927/8/1,25.868
177532,1927/9/1,21.26
177533,1927/10/1,12.727
177534,1927/11/1,6.598
177535,1927/12/1,-3.34
177536,1928/1/1,-5.036
177537,1928/2/1,-2.782
177538,1928/3/1,5.344
177539,1928/4/1,14.262
177540,1928/5/1,21.373
177541,1928/6/1,24.639
177542,1928/7/1,26.615
177543,1928/8/1,25.032
177544,1928/9/1,19.508
177545,1928/10/1,12.319
177546,1928/11/1,2.826
177547,1928/12/1,-3.877
177548,1929/1/1,-5.263
177549,1929/2/1,-2.732
177550,1929/3/1,5.84
177551,1929/4/1,13.007
177552,1929/5/1,20.772
177553,1929/6/1,25.907
177554,1929/7/1,26.903
177555,1929/8/1,25.419
177556,1929/9/1,21.003
177557,1929/10/1,12.999
177558,1929/11/1,3.698
177559,1929/12/1,-4.719
177560,1930/1/1,-6.474
177561,1930/2/1,-0.937
177562,1930/3/1,6.478
177563,1930/4/1,13.926
177564,1930/5/1,20.564
177565,1930/6/1,25.023
177566,1930/7/1,27.251
177567,1930/8/1,25.166
177568,1930/9/1,20.226
177569,1930/10/1,13.146
177570,1930/11/1,1.844
177571,1930/12/1,-2.152
177572,1931/1/1,-5.056
177573,1931/2/1,-3.806
177574,1931/3/1,5.805
177575,1931/4/1,11.835
177576,1931/5/1,19.101
177577,1931/6/1,24.726
177578,1931/7/1,25.828
177579,1931/8/1,25.494
177580,1931/9/1,20.633
177581,1931/10/1,12.223
177582,1931/11/1,4.292
177583,1931/12/1,-3.627
177584,1932/1/1,-2.237
177585,1932/2/1,-3.692
177586,1932/3/1,3.531
177587,1932/4/1,13.006
177588,1932/5/1,20.546
177589,1932/6/1,24.479
177590,1932/7/1,26.709
177591,1932/8/1,25.622
177592,1932/9/1,20.262
177593,1932/10/1,12.434
177594,1932/11/1,4.626
177595,1932/12/1,-1.719
177596,1933/1/1,-7.541
177597,1933/2/1,-2.644
177598,1933/3/1,2.098
177599,1933/4/1,12.575
177600,1933/5/1,20.403
177601,1933/6/1,23.144
177602,1933/7/1,26.809
177603,1933/8/1,24.667
177604,1933/9/1,21.191
177605,1933/10/1,12.257
177606,1933/11/1,3.557
177607,1933/12/1,-1.929
177608,1934/1/1,-7.55
177609,1934/2/1,-1.018
177610,1934/3/1,3.374
177611,1934/4/1,11.546
177612,1934/5/1,20.947
177613,1934/6/1,23.816
177614,1934/7/1,27.161
177615,1934/8/1,23.959
177616,1934/9/1,19.897
177617,1934/10/1,11.571
177618,1934/11/1,4.055
177619,1934/12/1,-0.917
177620,1935/1/1,-4.26
177621,1935/2/1,1.166
177622,1935/3/1,7.495
177623,1935/4/1,14.382
177624,1935/5/1,20.478
177625,1935/6/1,24.585
177626,1935/7/1,26.081
177627,1935/8/1,25.798
177628,1935/9/1,21.607
177629,1935/10/1,14.877
177630,1935/11/1,3.06
177631,1935/12/1,-6.826
177632,1936/1/1,-8.017
177633,1936/2/1,-4.972
177634,1936/3/1,1.733
177635,1936/4/1,11.892
177636,1936/5/1,19.466
177637,1936/6/1,25.165
177638,1936/7/1,26.477
177639,1936/8/1,25.167
177640,1936/9/1,20.534
177641,1936/10/1,14.048
177642,1936/11/1,4.3
177643,1936/12/1,-2.789
177644,1937/1/1,-4.58
177645,1937/2/1,-0.953
177646,1937/3/1,3.748
177647,1937/4/1,12.276
177648,1937/5/1,20.79
177649,1937/6/1,24.351
177650,1937/7/1,26.761
177651,1937/8/1,25.615
177652,1937/9/1,19.858
177653,1937/10/1,13.701
177654,1937/11/1,4.178
177655,1937/12/1,-4.219
177656,1938/1/1,-6.79
177657,1938/2/1,-1.567
177658,1938/3/1,6.115
177659,1938/4/1,16.068
177660,1938/5/1,19.1
177661,1938/6/1,23.645
177662,1938/7/1,26.798
177663,1938/8/1,26.156
177664,1938/9/1,19.803
177665,1938/10/1,14.668
177666,1938/11/1,4.919
177667,1938/12/1,-3.232
177668,1939/1/1,-4.525
177669,1939/2/1,-0.725
177670,1939/3/1,5.945
177671,1939/4/1,14.13
177672,1939/5/1,20.15
177673,1939/6/1,24.765
177674,1939/7/1,27.363
177675,1939/8/1,27.183
177676,1939/9/1,19.841
177677,1939/10/1,12.944
177678,1939/11/1,3.212
177679,1939/12/1,-1.857
177680,1940/1/1,-5.667
177681,1940/2/1,-1.397
177682,1940/3/1,6.851
177683,1940/4/1,13.983
177684,1940/5/1,21.182
177685,1940/6/1,23.889
177686,1940/7/1,26.963
177687,1940/8/1,22.896
177688,1940/9/1,20.789
177689,1940/10/1,14.528
177690,1940/11/1,4.328
177691,1940/12/1,-1.398
177692,1941/1/1,-3.869
177693,1941/2/1,-1.995
177694,1941/3/1,6.262
177695,1941/4/1,13.277
177696,1941/5/1,20.567
177697,1941/6/1,24.127
177698,1941/7/1,26.723
177699,1941/8/1,25.596
177700,1941/9/1,21.145
177701,1941/10/1,13.215
177702,1941/11/1,5.277
177703,1941/12/1,-1.607
177704,1942/1/1,-4.563
177705,1942/2/1,-3.607
177706,1942/3/1,7.958
177707,1942/4/1,14.016
177708,1942/5/1,18.89
177709,1942/6/1,26.819
177710,1942/7/1,27.413
177711,1942/8/1,25.168
177712,1942/9/1,20.892
177713,1942/10/1,13.154
177714,1942/11/1,5.352
177715,1942/12/1,-2.605
177716,1943/1/1,-6.021
177717,1943/2/1,-0.699
177718,1943/3/1,6.883
177719,1943/4/1,13.512
177720,1943/5/1,20.924
177721,1943/6/1,25.987
177722,1943/7/1,27.454
177723,1943/8/1,26.152
177724,1943/9/1,19.491
177725,1943/10/1,14.156
177726,1943/11/1,4.648
177727,1943/12/1,-1.737
177728,1944/1/1,-3.393
177729,1944/2/1,-1.604
177730,1944/3/1,5.481
177731,1944/4/1,13.193
177732,1944/5/1,19.591
177733,1944/6/1,25.384
177734,1944/7/1,27.805
177735,1944/8/1,25.228
177736,1944/9/1,21.263
177737,1944/10/1,13.197
177738,1944/11/1,3.773
177739,1944/12/1,-6.576
177740,1945/1/1,-6.285
177741,1945/2/1,-4.419
177742,1945/3/1,4.197
177743,1945/4/1,16.119
177744,1945/5/1,19.71
177745,1945/6/1,25.266
177746,1945/7/1,26.762
177747,1945/8/1,26.329
177748,1945/9/1,20.916
177749,1945/10/1,13.961
177750,1945/11/1,7.165
177751,1945/12/1,-1.633
177752,1946/1/1,-3.264
177753,1946/2/1,0.411
177754,1946/3/1,3.288
177755,1946/4/1,14.71
177756,1946/5/1,19.152
177757,1946/6/1,26.58
177758,1946/7/1,27.126
177759,1946/8/1,25.978
177760,1946/9/1,20.677
177761,1946/10/1,14.391
177762,1946/11/1,6.051
177763,1946/12/1,-4.978
177764,1947/1/1,-6.076
177765,1947/2/1,-4.632
177766,1947/3/1,2.394
177767,1947/4/1,14.913
177768,1947/5/1,20.296
177769,1947/6/1,24.137
177770,1947/7/1,26.605
177771,1947/8/1,25.415
177772,1947/9/1,19.129
177773,1947/10/1,12.13
177774,1947/11/1,1.629
177775,1947/12/1,-6.014
177776,1948/1/1,-5.148
177777,1948/2/1,-0.324
177778,1948/3/1,5.94
177779,1948/4/1,15.803
177780,1948/5/1,19.497
177781,1948/6/1,26.155
177782,1948/7/1,26.31
177783,1948/8/1,25.914
177784,1948/9/1,21.294
177785,1948/10/1,12.529
177786,1948/11/1,3.293
177787,1948/12/1,-0.377
177788,1949/1/1,-3.053
177789,1949/2/1,0.777
177790,1949/3/1,5.352
177791,1949/4/1,13.952
177792,1949/5/1,21.148
177793,1949/6/1,25.107
177794,1949/7/1,25.089
177795,1949/8/1,25.157
177796,1949/9/1,20.037
177797,1949/10/1,13.827
177798,1949/11/1,5.258
177799,1949/12/1,-3.912
177800,1950/1/1,-3.57
177801,1950/2/1,-0.72
177802,1950/3/1,6.363
177803,1950/4/1,13.692
177804,1950/5/1,19.185
177805,1950/6/1,23.372
177806,1950/7/1,25.923
177807,1950/8/1,25.552
177808,1950/9/1,19.886
177809,1950/10/1,12.931
177810,1950/11/1,2.975
177811,1950/12/1,-2.742
177812,1951/1/1,-6.65
177813,1951/2/1,-2.205
177814,1951/3/1,4.252
177815,1951/4/1,12.289
177816,1951/5/1,21.048
177817,1951/6/1,25.347
177818,1951/7/1,26.211
177819,1951/8/1,26.216
177820,1951/9/1,18.647
177821,1951/10/1,13.996
177822,1951/11/1,4.677
177823,1951/12/1,0.421
177824,1952/1/1,-3.033
177825,1952/2/1,-4.127
177826,1952/3/1,4.447
177827,1952/4/1,14.001
177828,1952/5/1,20.726
177829,1952/6/1,24.985
177830,1952/7/1,26.595
177831,1952/8/1,24.863
177832,1952/9/1,20.645
177833,1952/10/1,12.939
177834,1952/11/1,3.817
177835,1952/12/1,-5.286
177836,1953/1/1,-6.128
177837,1953/2/1,-3.404
177838,1953/3/1,6.83
177839,1953/4/1,13.06
177840,1953/5/1,19.093
177841,1953/6/1,24.25
177842,1953/7/1,27.153
177843,1953/8/1,24.37
177844,1953/9/1,20.621
177845,1953/10/1,14.931
177846,1953/11/1,4.519
177847,1953/12/1,-1.831
177848,1954/1/1,-3.078
177849,1954/2/1,-0.611
177850,1954/3/1,3.898
177851,1954/4/1,13.24
177852,1954/5/1,18.984
177853,1954/6/1,22.537
177854,1954/7/1,24.335
177855,1954/8/1,24.831
177856,1954/9/1,19.928
177857,1954/10/1,12.353
177858,1954/11/1,6.146
177859,1954/12/1,-6.542
177860,1955/1/1,-5.583
177861,1955/2/1,0.219
177862,1955/3/1,2.74
177863,1955/4/1,13.247
177864,1955/5/1,20.45
177865,1955/6/1,25.329
177866,1955/7/1,27.019
177867,1955/8/1,26.281
177868,1955/9/1,21.063
177869,1955/10/1,11.807
177870,1955/11/1,4.503
177871,1955/12/1,-0.57
177872,1956/1/1,-4.549
177873,1956/2/1,-3.2
177874,1956/3/1,3.107
177875,1956/4/1,13.053
177876,1956/5/1,18.507
177877,1956/6/1,22.742
177878,1956/7/1,26.47
177879,1956/8/1,24.661
177880,1956/9/1,21.191
177881,1956/10/1,12.403
177882,1956/11/1,1.445
177883,1956/12/1,-5.698
177884,1957/1/1,-6.022
177885,1957/2/1,-5.725
177886,1957/3/1,2.489
177887,1957/4/1,13.339
177888,1957/5/1,20.392
177889,1957/6/1,22.995
177890,1957/7/1,25.8
177891,1957/8/1,25.157
177892,1957/9/1,18.706
177893,1957/10/1,13.221
177894,1957/11/1,5.98
177895,1957/12/1,-2.385
177896,1958/1/1,-5.537
177897,1958/2/1,-1.759
177898,1958/3/1,4.556
177899,1958/4/1,13.564
177900,1958/5/1,19.807
177901,1958/6/1,24.926
177902,1958/7/1,26.986
177903,1958/8/1,24.176
177904,1958/9/1,21.141
177905,1958/10/1,12.037
177906,1958/11/1,4.636
177907,1958/12/1,0.669
177908,1959/1/1,-4.503
177909,1959/2/1,0.336
177910,1959/3/1,7.855
177911,1959/4/1,13.739
177912,1959/5/1,20.745
177913,1959/6/1,23.731
177914,1959/7/1,26.357
177915,1959/8/1,25.499
177916,1959/9/1,19.872
177917,1959/10/1,14.348
177918,1959/11/1,2.871
177919,1959/12/1,-2.14
177920,1960/1/1,-5.178
177921,1960/2/1,2.242
177922,1960/3/1,6.273
177923,1960/4/1,13.817
177924,1960/5/1,18.931
177925,1960/6/1,25.164
177926,1960/7/1,26.769
177927,1960/8/1,25.374
177928,1960/9/1,20.924
177929,1960/10/1,12.786
177930,1960/11/1,3.849
177931,1960/12/1,-4.12
177932,1961/1/1,-4.023
177933,1961/2/1,0.95
177934,1961/3/1,7.731
177935,1961/4/1,15.113
177936,1961/5/1,21.049
177937,1961/6/1,25.397
177938,1961/7/1,27.748
177939,1961/8/1,25.689
177940,1961/9/1,19.991
177941,1961/10/1,12.645
177942,1961/11/1,6.523
177943,1961/12/1,-3.372
177944,1962/1/1,-4.112
177945,1962/2/1,-0.826
177946,1962/3/1,4.823
177947,1962/4/1,12.536
177948,1962/5/1,21.136
177949,1962/6/1,23.825
177950,1962/7/1,26.658
177951,1962/8/1,26.003
177952,1962/9/1,20.725
177953,1962/10/1,12.77
177954,1962/11/1,3.627
177955,1962/12/1,-0.335
177956,1963/1/1,-5.029
177957,1963/2/1,-1.208
177958,1963/3/1,6.966
177959,1963/4/1,12.613
177960,1963/5/1,19.476
177961,1963/6/1,25.743
177962,1963/7/1,27.251
177963,1963/8/1,26.205
177964,1963/9/1,20.601
177965,1963/10/1,12.656
177966,1963/11/1,5.304
177967,1963/12/1,-2.252
177968,1964/1/1,-4.376
177969,1964/2/1,-5.9
177970,1964/3/1,4.518
177971,1964/4/1,12.223
177972,1964/5/1,21.089
177973,1964/6/1,24.615
177974,1964/7/1,25.757
177975,1964/8/1,25.161
177976,1964/9/1,19.864
177977,1964/10/1,12.559
177978,1964/11/1,5.541
177979,1964/12/1,-1.463
177980,1965/1/1,-3.861
177981,1965/2/1,-0.385
177982,1965/3/1,5.241
177983,1965/4/1,11.443
177984,1965/5/1,21.152
177985,1965/6/1,24.707
177986,1965/7/1,26.892
177987,1965/8/1,25.28
177988,1965/9/1,20.858
177989,1965/10/1,14.798
177990,1965/11/1,5.258
177991,1965/12/1,-3.077
177992,1966/1/1,-4.389
177993,1966/2/1,0.049
177994,1966/3/1,4.888
177995,1966/4/1,12.869
177996,1966/5/1,20.081
177997,1966/6/1,24.197
177998,1966/7/1,26.028
177999,1966/8/1,25.969
178000,1966/9/1,19.399
178001,1966/10/1,13.291
178002,1966/11/1,4.692
178003,1966/12/1,-4.684
178004,1967/1/1,-4.361
178005,1967/2/1,-2.837
178006,1967/3/1,6.092
178007,1967/4/1,13.469
178008,1967/5/1,22.644
178009,1967/6/1,24.199
178010,1967/7/1,26.05
178011,1967/8/1,26.041
178012,1967/9/1,18.924
178013,1967/10/1,13.551
178014,1967/11/1,2.773
178015,1967/12/1,-6.317
178016,1968/1/1,-5.254
178017,1968/2/1,-4.938
178018,1968/3/1,6.352
178019,1968/4/1,14.43
178020,1968/5/1,20.443
178021,1968/6/1,25.596
178022,1968/7/1,27.448
178023,1968/8/1,24.827
178024,1968/9/1,20.609
178025,1968/10/1,11.795
178026,1968/11/1,5.167
178027,1968/12/1,-0.943
178028,1969/1/1,-6.55
178029,1969/2/1,-4.846
178030,1969/3/1,3.002
178031,1969/4/1,12.763
178032,1969/5/1,19.865
178033,1969/6/1,23.538
178034,1969/7/1,25.422
178035,1969/8/1,24.675
178036,1969/9/1,20.098
178037,1969/10/1,13.12
178038,1969/11/1,2.859
178039,1969/12/1,-3.67
178040,1970/1/1,-5.453
178041,1970/2/1,-1.254
178042,1970/3/1,1.951
178043,1970/4/1,13.723
178044,1970/5/1,20.255
178045,1970/6/1,23.68
178046,1970/7/1,25.531
178047,1970/8/1,24.536
178048,1970/9/1,19.785
178049,1970/10/1,13.854
178050,1970/11/1,3.575
178051,1970/12/1,-2.56
178052,1971/1/1,-4.012
178053,1971/2/1,-2.567
178054,1971/3/1,2.389
178055,1971/4/1,13.617
178056,1971/5/1,20.978
178057,1971/6/1,24.356
178058,1971/7/1,26.553
178059,1971/8/1,24.719
178060,1971/9/1,20.085
178061,1971/10/1,13.112
178062,1971/11/1,6.768
178063,1971/12/1,-3.687
178064,1972/1/1,-4.752
178065,1972/2/1,-3.942
178066,1972/3/1,5.921
178067,1972/4/1,14.135
178068,1972/5/1,19.547
178069,1972/6/1,26.325
178070,1972/7/1,27.285
178071,1972/8/1,24.602
178072,1972/9/1,19.484
178073,1972/10/1,12.778
178074,1972/11/1,4.119
178075,1972/12/1,-1.58
178076,1973/1/1,-3.734
178077,1973/2/1,-1.334
178078,1973/3/1,7.184
178079,1973/4/1,15.194
178080,1973/5/1,19.902
178081,1973/6/1,23.211
178082,1973/7/1,25.418
178083,1973/8/1,25.304
178084,1973/9/1,20.034
178085,1973/10/1,11.746
178086,1973/11/1,5.018
178087,1973/12/1,-1.846
178088,1974/1/1,-3.716
178089,1974/2/1,-1.571
178090,1974/3/1,4.861
178091,1974/4/1,13.815
178092,1974/5/1,20.52
178093,1974/6/1,24.101
178094,1974/7/1,25.681
178095,1974/8/1,25.037
178096,1974/9/1,20.099
178097,1974/10/1,11.592
178098,1974/11/1,4.507
178099,1974/12/1,-3.397
178100,1975/1/1,-2.717
178101,1975/2/1,-1.091
178102,1975/3/1,7.128
178103,1975/4/1,15.21
178104,1975/5/1,20.125
178105,1975/6/1,25.155
178106,1975/7/1,26.889
178107,1975/8/1,26.191
178108,1975/9/1,21.651
178109,1975/10/1,14.057
178110,1975/11/1,6.106
178111,1975/12/1,-2.785
178112,1976/1/1,-3.619
178113,1976/2/1,0.784
178114,1976/3/1,4.86
178115,1976/4/1,12.201
178116,1976/5/1,20.173
178117,1976/6/1,23.412
178118,1976/7/1,24.399
178119,1976/8/1,23.849
178120,1976/9/1,20.056
178121,1976/10/1,12.655
178122,1976/11/1,2.387
178123,1976/12/1,-2.069
178124,1977/1/1,-7.402
178125,1977/2/1,-1.565
178126,1977/3/1,7.304
178127,1977/4/1,14.683
178128,1977/5/1,19.422
178129,1977/6/1,24.045
178130,1977/7/1,26.342
178131,1977/8/1,24.794
178132,1977/9/1,20.967
178133,1977/10/1,14.471
178134,1977/11/1,5.082
178135,1977/12/1,-0.096
178136,1978/1/1,-2.965
178137,1978/2/1,-1.843
178138,1978/3/1,5.432
178139,1978/4/1,14.691
178140,1978/5/1,20.013
178141,1978/6/1,25.78
178142,1978/7/1,26.657
178143,1978/8/1,24.873
178144,1978/9/1,20.182
178145,1978/10/1,12.672
178146,1978/11/1,5.644
178147,1978/12/1,-2.069
178148,1979/1/1,-3.537
178149,1979/2/1,0.043
178150,1979/3/1,5.391
178151,1979/4/1,11.145
178152,1979/5/1,19.765
178153,1979/6/1,23.384
178154,1979/7/1,25.583
178155,1979/8/1,24.6
178156,1979/9/1,19.285
178157,1979/10/1,14.778
178158,1979/11/1,3.194
178159,1979/12/1,-0.926
178160,1980/1/1,-4.178
178161,1980/2/1,-2.383
178162,1980/3/1,4.82
178163,1980/4/1,11.278
178164,1980/5/1,20.583
178165,1980/6/1,25.328
178166,1980/7/1,26.915
178167,1980/8/1,24.418
178168,1980/9/1,19.364
178169,1980/10/1,12.378
178170,1980/11/1,7.115
178171,1980/12/1,-3.39
178172,1981/1/1,-5.142
178173,1981/2/1,-1.409
178174,1981/3/1,7.511
178175,1981/4/1,15.587
178176,1981/5/1,20.423
178177,1981/6/1,25.296
178178,1981/7/1,27.774
178179,1981/8/1,25.029
178180,1981/9/1,20.678
178181,1981/10/1,11.447
178182,1981/11/1,2.09
178183,1981/12/1,-2.686
178184,1982/1/1,-4.639
178185,1982/2/1,0.379
178186,1982/3/1,6.987
178187,1982/4/1,15.292
178188,1982/5/1,21.471
178189,1982/6/1,24.072
178190,1982/7/1,25.258
178191,1982/8/1,25.753
178192,1982/9/1,20.089
178193,1982/10/1,15.213
178194,1982/11/1,5.071
178195,1982/12/1,-2.018
178196,1983/1/1,-3.174
178197,1983/2/1,-2.522
178198,1983/3/1,6.319
178199,1983/4/1,14.604
178200,1983/5/1,21.215
178201,1983/6/1,25.605
178202,1983/7/1,26.855
178203,1983/8/1,25.341
178204,1983/9/1,21.847
178205,1983/10/1,13.26
178206,1983/11/1,5.777
178207,1983/12/1,-0.826
178208,1984/1/1,-5.236
178209,1984/2/1,-3.051
178210,1984/3/1,3.586
178211,1984/4/1,13.14
178212,1984/5/1,20.56
178213,1984/6/1,24.742
178214,1984/7/1,26.601
178215,1984/8/1,25.562
178216,1984/9/1,19.924
178217,1984/10/1,13.582
178218,1984/11/1,4.978
178219,1984/12/1,-3.933
178220,1985/1/1,-5.318
178221,1985/2/1,-2.075
178222,1985/3/1,3.279
178223,1985/4/1,14.34
178224,1985/5/1,19.495
178225,1985/6/1,24.421
178226,1985/7/1,25.892
178227,1985/8/1,25.323
178228,1985/9/1,18.681
178229,1985/10/1,13.977
178230,1985/11/1,3.606
178231,1985/12/1,-4.393
178232,1986/1/1,-3.836
178233,1986/2/1,-2.014
178234,1986/3/1,6.304
178235,1986/4/1,14.574
178236,1986/5/1,21.102
178237,1986/6/1,25.244
178238,1986/7/1,25.606
178239,1986/8/1,24.528
178240,1986/9/1,20.13
178241,1986/10/1,11.482
178242,1986/11/1,3.439
178243,1986/12/1,-2.244
178244,1987/1/1,-3.764
178245,1987/2/1,-0.094
178246,1987/3/1,4.492
178247,1987/4/1,13.908
178248,1987/5/1,20.11
178249,1987/6/1,23.476
178250,1987/7/1,26.681
178251,1987/8/1,25.189
178252,1987/9/1,21.26
178253,1987/10/1,14.105
178254,1987/11/1,4.06
178255,1987/12/1,-1.229
178256,1988/1/1,-3.413
178257,1988/2/1,-1.87
178258,1988/3/1,4.137
178259,1988/4/1,14.398
178260,1988/5/1,20.171
178261,1988/6/1,25.06
178262,1988/7/1,26.004
178263,1988/8/1,24.88
178264,1988/9/1,21.211
178265,1988/10/1,14.252
178266,1988/11/1,6.126
178267,1988/12/1,-0.885
178268,1989/1/1,-2.439
178269,1989/2/1,1.487
178270,1989/3/1,7.502
178271,1989/4/1,15.64
178272,1989/5/1,21.09
178273,1989/6/1,24.551
178274,1989/7/1,25.855
178275,1989/8/1,25.169
178276,1989/9/1,19.849
178277,1989/10/1,13.932
178278,1989/11/1,4.593
178279,1989/12/1,-0.333
178280,1990/1/1,-5.253
178281,1990/2/1,-0.517
178282,1990/3/1,7.658
178283,1990/4/1,13.388
178284,1990/5/1,19.765
178285,1990/6/1,24.492
178286,1990/7/1,26.106
178287,1990/8/1,25.744
178288,1990/9/1,20.707
178289,1990/10/1,15.311
178290,1990/11/1,6.528
178291,1990/12/1,-1.326
178292,1991/1/1,-2.648
178293,1991/2/1,-0.316
178294,1991/3/1,4.302
178295,1991/4/1,13.657
178296,1991/5/1,19.785
178297,1991/6/1,24.113
178298,1991/7/1,26.079
178299,1991/8/1,26.807
178300,1991/9/1,20.881
178301,1991/10/1,13.499
178302,1991/11/1,4.534
178303,1991/12/1,-2.333
178304,1992/1/1,-2.233
178305,1992/2/1,0.993
178306,1992/3/1,6.036
178307,1992/4/1,15.083
178308,1992/5/1,20.612
178309,1992/6/1,23.537
178310,1992/7/1,26.755
178311,1992/8/1,24.787
178312,1992/9/1,20.424
178313,1992/10/1,11.624
178314,1992/11/1,3.237
178315,1992/12/1,-1.136
178316,1993/1/1,-4.358
178317,1993/2/1,1.348
178318,1993/3/1,7.477
178319,1993/4/1,13.349
178320,1993/5/1,20.997
178321,1993/6/1,24.881
178322,1993/7/1,24.939
178323,1993/8/1,25.012
178324,1993/9/1,21.105
178325,1993/10/1,13.382
178326,1993/11/1,3.143
178327,1993/12/1,-1.668
178328,1994/1/1,-2.099
178329,1994/2/1,0.277
178330,1994/3/1,5.044
178331,1994/4/1,16.772
178332,1994/5/1,20.886
178333,1994/6/1,26.232
178334,1994/7/1,27.7
178335,1994/8/1,26.495
178336,1994/9/1,20.516
178337,1994/10/1,13.408
178338,1994/11/1,6.261
178339,1994/12/1,-1.974
178340,1995/1/1,-1.851
178341,1995/2/1,1.407
178342,1995/3/1,7.129
178343,1995/4/1,14.06
178344,1995/5/1,19.558
178345,1995/6/1,24.019
178346,1995/7/1,25.537
178347,1995/8/1,25.078
178348,1995/9/1,19.047
178349,1995/10/1,13.975
178350,1995/11/1,6.866
178351,1995/12/1,-1.145
178352,1996/1/1,-3.099
178353,1996/2/1,-0.958
178354,1996/3/1,5.585
178355,1996/4/1,13.485
178356,1996/5/1,21.077
178357,1996/6/1,24.962
178358,1996/7/1,25.442
178359,1996/8/1,24.035
178360,1996/9/1,20.768
178361,1996/10/1,12.811
178362,1996/11/1,3.766
178363,1996/12/1,-0.214
178364,1997/1/1,-4.42
178365,1997/2/1,0.924
178366,1997/3/1,8.281
178367,1997/4/1,14.695
178368,1997/5/1,20.337
178369,1997/6/1,25.126
178370,1997/7/1,28.625
178371,1997/8/1,27.026
178372,1997/9/1,19.199
178373,1997/10/1,13.705
178374,1997/11/1,5.12
178375,1997/12/1,-1.853
178376,1998/1/1,-3.99
178377,1998/2/1,2.225
178378,1998/3/1,7.744
178379,1998/4/1,15.982
178380,1998/5/1,20.527
178381,1998/6/1,24.617
178382,1998/7/1,26.873
178383,1998/8/1,25.406
178384,1998/9/1,23.284
178385,1998/10/1,15.123
178386,1998/11/1,5.181
178387,1998/12/1,-0.424
178388,1999/1/1,-1.777
178389,1999/2/1,2.3
178390,1999/3/1,5.487
178391,1999/4/1,15.124
178392,1999/5/1,20.713
178393,1999/6/1,25.985
178394,1999/7/1,27.771
178395,1999/8/1,25.731
178396,1999/9/1,21.589
178397,1999/10/1,13.162
178398,1999/11/1,5.654
178399,1999/12/1,-0.971
178400,2000/1/1,-6.495
178401,2000/2/1,-1.443
178402,2000/3/1,8.11
178403,2000/4/1,14.905
178404,2000/5/1,21.122
178405,2000/6/1,26.625
178406,2000/7/1,28.936
178407,2000/8/1,25.947
178408,2000/9/1,21.9
178409,2000/10/1,12.669
178410,2000/11/1,3.167
178411,2000/12/1,-0.868
178412,2001/1/1,-5.232
178413,2001/2/1,-0.721
178414,2001/3/1,7.522
178415,2001/4/1,14.736
178416,2001/5/1,23.382
178417,2001/6/1,26.171
178418,2001/7/1,27.298
178419,2001/8/1,25.866
178420,2001/9/1,21.318
178421,2001/10/1,14.418
178422,2001/11/1,5.262
178423,2001/12/1,-3.287
178424,2002/1/1,0.35
178425,2002/2/1,4.081
178426,2002/3/1,9.844
178427,2002/4/1,14.41
178428,2002/5/1,22.133
178429,2002/6/1,24.255
178430,2002/7/1,27.537
178431,2002/8/1,26.095
178432,2002/9/1,20.883
178433,2002/10/1,11.148
178434,2002/11/1,3.079
178435,2002/12/1,-3.158
178436,2003/1/1,-3.79
178437,2003/2/1,1.122
178438,2003/3/1,6.563
178439,2003/4/1,15.254
178440,2003/5/1,21.478
178441,2003/6/1,24.657
178442,2003/7/1,25.958
178443,2003/8/1,25.591
178444,2003/9/1,21.029
178445,2003/10/1,13.158
178446,2003/11/1,3.635
178447,2003/12/1,-0.625
178448,2004/1/1,-2.817
178449,2004/2/1,2.887
178450,2004/3/1,7.717
178451,2004/4/1,16.335
178452,2004/5/1,20.575
178453,2004/6/1,24.791
178454,2004/7/1,25.672
178455,2004/8/1,24.498
178456,2004/9/1,21.141
178457,2004/10/1,13.911
178458,2004/11/1,5.99
178459,2004/12/1,-1.242
178460,2005/1/1,-3.755
178461,2005/2/1,-3.053
178462,2005/3/1,5.974
178463,2005/4/1,16.261
178464,2005/5/1,20.126
178465,2005/6/1,25.959
178466,2005/7/1,27.687
178467,2005/8/1,25.678
178468,2005/9/1,21.811
178469,2005/10/1,14.556
178470,2005/11/1,7.116
178471,2005/12/1,-3.634
178472,2006/1/1,-2.379
178473,2006/2/1,-0.891
178474,2006/3/1,7.97
178475,2006/4/1,13.547
178476,2006/5/1,20.746
178477,2006/6/1,26.002
178478,2006/7/1,25.948
178479,2006/8/1,26.12
178480,2006/9/1,21.418
178481,2006/10/1,16.151
178482,2006/11/1,6.257
178483,2006/12/1,-1.882
178484,2007/1/1,-2.404
178485,2007/2/1,3.997
178486,2007/3/1,6.247
178487,2007/4/1,14.736
178488,2007/5/1,22.45
178489,2007/6/1,26.214
178490,2007/7/1,26.896
178491,2007/8/1,26.339
178492,2007/9/1,22.038
178493,2007/10/1,13.049
178494,2007/11/1,5.158
178495,2007/12/1,-0.358
178496,2008/1/1,-3.914
178497,2008/2/1,-0.162
178498,2008/3/1,8.79
178499,2008/4/1,15.691
178500,2008/5/1,20.777
178501,2008/6/1,23.657
178502,2008/7/1,26.962
178503,2008/8/1,25.809
178504,2008/9/1,21.173
178505,2008/10/1,14.427
178506,2008/11/1,6.032
178507,2008/12/1,-1.754
178508,2009/1/1,-3.239
178509,2009/2/1,1.26
178510,2009/3/1,7.04
178511,2009/4/1,15.597
178512,2009/5/1,22.635
178513,2009/6/1,26.028
178514,2009/7/1,26.774
178515,2009/8/1,25.397
178516,2009/9/1,21.007
178517,2009/10/1,14.823
178518,2009/11/1,1.454
178519,2009/12/1,-3.163
178520,2010/1/1,-5.305
178521,2010/2/1,-0.855
178522,2010/3/1,4.25
178523,2010/4/1,11.097
178524,2010/5/1,21.458
178525,2010/6/1,24.991
178526,2010/7/1,28.239
178527,2010/8/1,25.543
178528,2010/9/1,20.797
178529,2010/10/1,13.031
178530,2010/11/1,5.526
178531,2010/12/1,-1.778
178532,2011/1/1,-5.667
178533,2011/2/1,-0.197
178534,2011/3/1,7.355
178535,2011/4/1,14.377
178536,2011/5/1,20.643
178537,2011/6/1,26.035
178538,2011/7/1,27.074
178539,2011/8/1,25.905
178540,2011/9/1,19.689
178541,2011/10/1,14.019
178542,2011/11/1,6.299
178543,2011/12/1,-2.289
178544,2012/1/1,-4.463
178545,2012/2/1,-1.835
178546,2012/3/1,5.502
178547,2012/4/1,15.776
178548,2012/5/1,22.642
178549,2012/6/1,24.645
178550,2012/7/1,26.995
178551,2012/8/1,25.574
178552,2012/9/1,20.506
178553,2012/10/1,14.025
178554,2012/11/1,3.411
178555,2012/12/1,-5.264
178556,2013/1/1,-4.977
178557,2013/2/1,-1.246
178558,2013/3/1,6.534
178559,2013/4/1,12.22
178560,2013/5/1,22.102
178561,2013/6/1,24.366
178562,2013/7/1,27.056
178563,2013/8/1,27.054
178564,2013/9/1,27.055
